2025-06-12 10:40:01.179055,MESM24,BUY,12025-06-13T14:24:00.159840,MNQM5,BUY,1,21761.0,SUCCESS,"{'orderId': 1247041586, 'success': True, 'errorCode': 0, 'errorMessage': None}"
2025-06-13T14:25:00.980489,MNQM5,SELL,1,21776.0,SUCCESS,"{'orderId': 1247045723, 'success': True, 'errorCode': 0, 'errorMessage': None}"
2025-06-13T14:26:01.977385,MNQM5,SELL,1,21772.25,SUCCESS,"{'orderId': 1247050939, 'success': True, 'errorCode': 0, 'errorMessage': None}"
2025-06-13T14:27:03.032335,MNQM5,SELL,1,21768.75,SUCCESS,"{'orderId': 1247054034, 'success': True, 'errorCode': 0, 'errorMessage': None}"
2025-06-13T14:28:04.944648,MNQM5,BUY,1,21763.75,SUCCESS,"{'orderId': 1247057466, 'success': True, 'errorCode': 0, 'errorMessage': None}"
2025-06-13T14:29:05.708581,MNQM5,SELL,1,21766.5,SUCCESS,"{'orderId': 1247061553, 'success': True, 'errorCode': 0, 'errorMessage': None}"
2025-06-13T14:30:06.621268,MNQM5,SELL,1,21782.75,SUCCESS,"{'orderId': 1247063926, 'success': True, 'errorCode': 0, 'errorMessage': None}"
2025-06-13T14:31:07.722759,MNQM5,SELL,1,21794.0,SUCCESS,"{'orderId': 1247068311, 'success': True, 'errorCode': 0, 'errorMessage': None}"
2025-06-13T14:32:08.497415,MNQM5,SELL,1,21795.25,SUCCESS,"{'orderId': 1247071730, 'success': True, 'errorCode': 0, 'errorMessage': None}"
2025-06-13T14:33:09.443779,MNQM5,SELL,1,21794.5,SUCCESS,"{'orderId': 1247075645, 'success': True, 'errorCode': 0, 'errorMessage': None}"
2025-06-13T14:34:10.462733,MNQM5,SELL,1,21791.5,SUCCESS,"{'orderId': 1247081679, 'success': True, 'errorCode': 0, 'errorMessage': None}"
2025-06-13T14:35:11.524730,MNQM5,SELL,1,21787.0,SUCCESS,"{'orderId': 1247085286, 'success': True, 'errorCode': 0, 'errorMessage': None}"
2025-06-13T14:36:12.451366,MNQM5,SELL,1,21787.0,SUCCESS,"{'orderId': 1247090534, 'success': True, 'errorCode': 0, 'errorMessage': None}"
2025-06-13T14:37:13.337217,MNQM5,SELL,1,21785.75,SUCCESS,"{'orderId': 1247096204, 'success': True, 'errorCode': 0, 'errorMessage': None}"
2025-06-13T14:38:14.233065,MNQM5,SELL,1,21789.5,SUCCESS,"{'orderId': 1247100529, 'success': True, 'errorCode': 0, 'errorMessage': None}"
2025-06-13T14:39:15.303475,MNQM5,SELL,1,21788.0,SUCCESS,"{'orderId': 1247104662, 'success': True, 'errorCode': 0, 'errorMessage': None}"
2025-06-13T14:40:16.395414,MNQM5,SELL,1,21801.25,SUCCESS,"{'orderId': 1247108688, 'success': True, 'errorCode': 0, 'errorMessage': None}"
2025-06-13T14:41:17.134555,MNQM5,SELL,1,21801.25,SUCCESS,"{'orderId': 1247113081, 'success': True, 'errorCode': 0, 'errorMessage': None}"
2025-06-13T14:42:17.962926,MNQM5,SELL,1,21797.5,SUCCESS,"{'orderId': 1247117247, 'success': True, 'errorCode': 0, 'errorMessage': None}"
2025-06-13T14:43:18.848930,MNQM5,SELL,1,21767.5,SUCCESS,"{'orderId': 1247122154, 'success': True, 'errorCode': 0, 'errorMessage': None}"
2025-06-13T14:44:20.204346,MNQM5,SELL,1,21759.25,SUCCESS,"{'orderId': 1247125569, 'success': True, 'errorCode': 0, 'errorMessage': None}"
2025-06-13T15:59:38.110550,MNQM5,SELL,1,21663.5,FAIL,"{'orderId': 1247225933, 'success': False, 'errorCode': 2, 'errorMessage': 'Outside of trading hours.'}"
2025-06-13T16:00:39.508464,MNQM5,SELL,1,21672.75,FAIL,"{'orderId': 1247225954, 'success': False, 'errorCode': 2, 'errorMessage': 'Outside of trading hours.'}"
2025-06-13T16:01:40.988154,MNQM5,SELL,1,21672.75,FAIL,"{'orderId': 1247225967, 'success': False, 'errorCode': 2, 'errorMessage': 'Outside of trading hours.'}"
2025-06-13T16:02:42.285803,MNQM5,SELL,1,21672.75,FAIL,"{'orderId': 1247225977, 'success': False, 'errorCode': 2, 'errorMessage': 'Outside of trading hours.'}"
2025-06-13T16:03:43.630565,MNQM5,SELL,1,21672.75,FAIL,"{'orderId': 1247225986, 'success': False, 'errorCode': 2, 'errorMessage': 'Outside of trading hours.'}"
2025-06-13T16:04:45.073501,MNQM5,SELL,1,21672.75,FAIL,"{'orderId': 1247226002, 'success': False, 'errorCode': 2, 'errorMessage': 'Outside of trading hours.'}"
2025-06-13T16:05:46.350261,MNQM5,SELL,1,21672.75,FAIL,"{'orderId': 1247226021, 'success': False, 'errorCode': 2, 'errorMessage': 'Outside of trading hours.'}"
2025-06-13T16:06:47.609954,MNQM5,SELL,1,21672.75,FAIL,"{'orderId': 1247226031, 'success': False, 'errorCode': 2, 'errorMessage': 'Outside of trading hours.'}"
2025-06-13T16:07:48.981036,MNQM5,SELL,1,21672.75,FAIL,"{'orderId': 1247226038, 'success': False, 'errorCode': 2, 'errorMessage': 'Outside of trading hours.'}"
2025-06-13T16:08:50.429761,MNQM5,SELL,1,21672.75,FAIL,"{'orderId': 1247226041, 'success': False, 'errorCode': 2, 'errorMessage': 'Outside of trading hours.'}"
2025-06-13T16:09:51.691757,MNQM5,SELL,1,21672.75,FAIL,"{'orderId': 1247226060, 'success': False, 'errorCode': 2, 'errorMessage': 'Outside of trading hours.'}"
2025-06-13T16:10:52.959037,MNQM5,SELL,1,21672.75,FAIL,"{'orderId': 1247226075, 'success': False, 'errorCode': 2, 'errorMessage': 'Outside of trading hours.'}"
2025-06-13T16:11:54.232425,MNQM5,SELL,1,21672.75,FAIL,"{'orderId': 1247226098, 'success': False, 'errorCode': 2, 'errorMessage': 'Outside of trading hours.'}"
2025-06-13T16:12:55.582618,MNQM5,SELL,1,21672.75,FAIL,"{'orderId': 1247226103, 'success': False, 'errorCode': 2, 'errorMessage': 'Outside of trading hours.'}"
2025-06-13T16:13:56.861986,MNQM5,SELL,1,21672.75,FAIL,"{'orderId': 1247226108, 'success': False, 'errorCode': 2, 'errorMessage': 'Outside of trading hours.'}"
2025-06-13T16:14:58.143541,MNQM5,SELL,1,21672.75,FAIL,"{'orderId': 1247226116, 'success': False, 'errorCode': 2, 'errorMessage': 'Outside of trading hours.'}"
2025-06-13T16:15:59.470803,MNQM5,SELL,1,21672.75,FAIL,"{'orderId': 1247226126, 'success': False, 'errorCode': 2, 'errorMessage': 'Outside of trading hours.'}"
2025-06-13T16:17:00.933904,MNQM5,SELL,1,21672.75,FAIL,"{'orderId': 1247226130, 'success': False, 'errorCode': 2, 'errorMessage': 'Outside of trading hours.'}"
2025-06-13T16:18:02.265271,MNQM5,SELL,1,21672.75,FAIL,"{'orderId': 1247226132, 'success': False, 'errorCode': 2, 'errorMessage': 'Outside of trading hours.'}"
2025-06-13T16:19:03.511734,MNQM5,SELL,1,21672.75,FAIL,"{'orderId': 1247226141, 'success': False, 'errorCode': 2, 'errorMessage': 'Outside of trading hours.'}"
2025-06-13T16:20:05.031780,MNQM5,SELL,1,21672.75,FAIL,"{'orderId': 1247226154, 'success': False, 'errorCode': 2, 'errorMessage': 'Outside of trading hours.'}"
2025-06-13T16:21:06.404687,MNQM5,SELL,1,21672.75,FAIL,"{'orderId': 1247226161, 'success': False, 'errorCode': 2, 'errorMessage': 'Outside of trading hours.'}"
2025-06-13T16:22:07.655920,MNQM5,SELL,1,21672.75,FAIL,"{'orderId': 1247226167, 'success': False, 'errorCode': 2, 'errorMessage': 'Outside of trading hours.'}"
2025-06-13T16:23:09.068418,MNQM5,SELL,1,21672.75,FAIL,"{'orderId': 1247226181, 'success': False, 'errorCode': 2, 'errorMessage': 'Outside of trading hours.'}"
2025-06-13T16:24:10.333658,MNQM5,SELL,1,21672.75,FAIL,"{'orderId': 1247226193, 'success': False, 'errorCode': 2, 'errorMessage': 'Outside of trading hours.'}"
2025-06-13T16:25:11.672567,MNQM5,SELL,1,21672.75,FAIL,"{'orderId': 1247226198, 'success': False, 'errorCode': 2, 'errorMessage': 'Outside of trading hours.'}"
2025-06-13T16:26:12.929613,MNQM5,SELL,1,21672.75,FAIL,"{'orderId': 1247226209, 'success': False, 'errorCode': 2, 'errorMessage': 'Outside of trading hours.'}"
2025-06-13T16:27:14.193007,MNQM5,SELL,1,21672.75,FAIL,"{'orderId': 1247226213, 'success': False, 'errorCode': 2, 'errorMessage': 'Outside of trading hours.'}"
2025-06-13T16:28:15.488922,MNQM5,SELL,1,21672.75,FAIL,"{'orderId': 1247226217, 'success': False, 'errorCode': 2, 'errorMessage': 'Outside of trading hours.'}"
2025-06-13T16:29:16.766190,MNQM5,SELL,1,21672.75,FAIL,"{'orderId': 1247226223, 'success': False, 'errorCode': 2, 'errorMessage': 'Outside of trading hours.'}"
2025-06-13T16:30:18.106541,MNQM5,SELL,1,21672.75,FAIL,"{'orderId': 1247226231, 'success': False, 'errorCode': 2, 'errorMessage': 'Outside of trading hours.'}"
2025-06-13T16:31:19.416001,MNQM5,SELL,1,21672.75,FAIL,"{'orderId': 1247226234, 'success': False, 'errorCode': 2, 'errorMessage': 'Outside of trading hours.'}"
2025-06-13T16:32:20.645253,MNQM5,SELL,1,21672.75,FAIL,"{'orderId': 1247226240, 'success': False, 'errorCode': 2, 'errorMessage': 'Outside of trading hours.'}"
2025-06-13T16:33:21.939295,MNQM5,SELL,1,21672.75,FAIL,"{'orderId': 1247226245, 'success': False, 'errorCode': 2, 'errorMessage': 'Outside of trading hours.'}"
2025-06-13T16:34:23.326934,MNQM5,SELL,1,21672.75,FAIL,"{'orderId': 1247226252, 'success': False, 'errorCode': 2, 'errorMessage': 'Outside of trading hours.'}"
2025-06-13T16:35:24.681577,MNQM5,SELL,1,21672.75,FAIL,"{'orderId': 1247226263, 'success': False, 'errorCode': 2, 'errorMessage': 'Outside of trading hours.'}"
2025-06-13T16:36:26.034898,MNQM5,SELL,1,21672.75,FAIL,"{'orderId': 1247226268, 'success': False, 'errorCode': 2, 'errorMessage': 'Outside of trading hours.'}"
2025-06-13T16:37:27.335698,MNQM5,SELL,1,21672.75,FAIL,"{'orderId': 1247226274, 'success': False, 'errorCode': 2, 'errorMessage': 'Outside of trading hours.'}"
2025-06-13T16:38:28.740171,MNQM5,SELL,1,21672.75,FAIL,"{'orderId': 1247226278, 'success': False, 'errorCode': 2, 'errorMessage': 'Outside of trading hours.'}"
2025-06-13T16:39:30.001655,MNQM5,SELL,1,21672.75,FAIL,"{'orderId': 1247226283, 'success': False, 'errorCode': 2, 'errorMessage': 'Outside of trading hours.'}"
2025-06-13T16:40:31.518303,MNQM5,SELL,1,21672.75,FAIL,"{'orderId': 1247226286, 'success': False, 'errorCode': 2, 'errorMessage': 'Outside of trading hours.'}"
2025-06-13T16:41:32.989876,MNQM5,SELL,1,21672.75,FAIL,"{'orderId': 1247226294, 'success': False, 'errorCode': 2, 'errorMessage': 'Outside of trading hours.'}"
2025-06-13T16:42:34.205544,MNQM5,SELL,1,21672.75,FAIL,"{'orderId': 1247226303, 'success': False, 'errorCode': 2, 'errorMessage': 'Outside of trading hours.'}"
2025-06-13T16:43:35.458281,MNQM5,SELL,1,21672.75,FAIL,"{'orderId': 1247226316, 'success': False, 'errorCode': 2, 'errorMessage': 'Outside of trading hours.'}"
2025-06-13T16:44:36.736400,MNQM5,SELL,1,21672.75,FAIL,"{'orderId': 1247226322, 'success': False, 'errorCode': 2, 'errorMessage': 'Outside of trading hours.'}"
2025-06-13T16:45:38.078281,MNQM5,SELL,1,21672.75,FAIL,"{'orderId': 1247226332, 'success': False, 'errorCode': 2, 'errorMessage': 'Outside of trading hours.'}"
2025-06-13T16:46:39.357259,MNQM5,SELL,1,21672.75,FAIL,"{'orderId': 1247226335, 'success': False, 'errorCode': 2, 'errorMessage': 'Outside of trading hours.'}"
2025-06-13T16:47:40.970876,MNQM5,SELL,1,21672.75,FAIL,"{'orderId': 1247226343, 'success': False, 'errorCode': 2, 'errorMessage': 'Outside of trading hours.'}"
2025-06-13T16:48:42.352119,MNQM5,SELL,1,21672.75,FAIL,"{'orderId': 1247226348, 'success': False, 'errorCode': 2, 'errorMessage': 'Outside of trading hours.'}"
2025-06-13T16:49:43.591501,MNQM5,SELL,1,21672.75,FAIL,"{'orderId': 1247226359, 'success': False, 'errorCode': 2, 'errorMessage': 'Outside of trading hours.'}"
2025-06-13T16:50:44.951635,MNQM5,SELL,1,21672.75,FAIL,"{'orderId': 1247226365, 'success': False, 'errorCode': 2, 'errorMessage': 'Outside of trading hours.'}"
2025-06-13T16:51:46.417750,MNQM5,SELL,1,21672.75,FAIL,"{'orderId': 1247226372, 'success': False, 'errorCode': 2, 'errorMessage': 'Outside of trading hours.'}"
2025-07-18 09:39:58.434203,MESM24,BUY,1
2025-07-19 08:03:00.042094,MESM24,BUY,1
2025-07-19 08:03:41.796695,MESM24,BUY,1
2025-07-19 08:11:50.937552,MESM24,BUY,1
2025-07-19 08:17:45.690949,MESM24,BUY,1
2025-07-19 08:19:26.007717,MES,BUY,1
2025-07-19 08:19:42.860483,MESU4,BUY,1
2025-07-19 08:20:53.407560,ESU25,BUY,1
2025-07-19 08:20:56.953511,ESU25,BUY,1
2025-07-19 08:21:37.811036,MESU25,BUY,1
2025-07-19 08:24:02.635250,,BUY,1
2025-07-19 08:26:57.225425,ESU5,BUY,1
2025-07-19T08:38:48.800816,NQU5,BUY,1,23266.75,FAIL,"{'orderId': 1370126682, 'success': False, 'errorCode': 2, 'errorMessage': 'Outside of trading hours.'}"
2025-07-19T08:39:49.680665,NQU5,BUY,1,23262.75,FAIL,"{'orderId': 1370126693, 'success': False, 'errorCode': 2, 'errorMessage': 'Outside of trading hours.'}"
2025-07-19T08:40:50.724464,NQU5,BUY,1,23259.75,FAIL,"{'orderId': 1370126694, 'success': False, 'errorCode': 2, 'errorMessage': 'Outside of trading hours.'}"
2025-07-19T08:41:51.653792,NQU5,BUY,1,23264.25,FAIL,"{'orderId': 1370126698, 'success': False, 'errorCode': 2, 'errorMessage': 'Outside of trading hours.'}"
2025-07-19T08:42:52.611730,NQU5,BUY,1,23260.5,FAIL,"{'orderId': 1370126699, 'success': False, 'errorCode': 2, 'errorMessage': 'Outside of trading hours.'}"
2025-07-20T13:25:04.619485,6BU5,BUY,1,1.3416,FAIL,"{'orderId': 1370131020, 'success': False, 'errorCode': 2, 'errorMessage': 'Outside of trading hours.'}"
2025-07-20T13:26:05.532944,6BU5,BUY,1,1.3416,FAIL,"{'orderId': 1370131031, 'success': False, 'errorCode': 2, 'errorMessage': 'Outside of trading hours.'}"
